cliente_id,canal_desc,subchannel_desc,bees_start,rewards_start
119251,Autoservicio,Autoservicio Independiente,2018-11,2021-05
181737,Tradicional,Almacen,2018-11,2021-01
181871,Tradicional,Almacen,2018-11,2021-03
183637,Kioscos/maxikioscos,Kiosco/maxikiosco,2021-03,2021-04
184485,Tradicional,Almacen,2021-03,2021-03
184495,Tradicional,Almacen,2021-03,2021-03
185831,Tradicional,Almacen Autoservice,2018-11,2021-03
186381,Kioscos/maxikioscos,Kiosco/maxikiosco,2021-03,2021-03
186637,Tradicional,Almacen,2021-03,2021-03
186667,Kioscos/maxikioscos,Kiosco Ventana,2021-04,2021-04
192055,Kioscos/maxikioscos,Kiosco Ventana,2021-04,2022-08
196465,Tradicional,Almacen,2021-03,2021-03
199337,Tradicional,Almacen,2021-07,2021-07
202975,Tradicional,Almacen,2021-03,2021-03
203693,Kioscos/maxikioscos,Kiosco/maxikiosco,2021-03,2021-04
203797,Kioscos/maxikioscos,Kiosco Ventana,2021-03,2021-03
206767,Kioscos/maxikioscos,Kiosco Ventana,2021-04,2021-04
207521,Kioscos/maxikioscos,Kiosco/maxikiosco,2023-05,2023-05
218421,Autoservicio,Autoservicio Independiente,2021-02,2021-03
222453,Kioscos/maxikioscos,Kiosco Ventana,2021-04,2021-04
223179,Tradicional,Almacen,2021-03,2021-03
223181,Kioscos/maxikioscos,Kiosco Ventana,2021-03,2021-03
226191,Tradicional,Almacen,2021-03,2021-03
229283,Kioscos/maxikioscos,Kiosco Ventana,2021-04,2021-09
230077,Tradicional,Almacen,2021-03,2021-04
231769,Kioscos/maxikioscos,Kiosco/maxikiosco,2021-12,2021-12
235701,Kioscos/maxikioscos,Kiosco/maxikiosco,2021-05,2021-10
235937,Tradicional,Almacen,2021-03,2021-03
238571,Kioscos/maxikioscos,Kiosco Ventana,2021-03,2021-03
239789,Kioscos/maxikioscos,Kiosco/maxikiosco,2021-03,2021-03
244993,Kioscos/maxikioscos,Kiosco/maxikiosco,2021-03,2021-03
247633,Tradicional,Almacen,2021-03,2021-04
247709,Kioscos/maxikioscos,Kiosco/maxikiosco,2021-04,2023-05
248141,Tradicional,Almacen,2021-03,2021-03
248185,Kioscos/maxikioscos,Kiosco/maxikiosco,2021-03,2021-03
248587,Tradicional,Almacen,2021-03,2021-04
248745,Tradicional,Almacen,2021-04,2021-04
248901,Tradicional,Almacen,2021-04,2021-04
248905,Tradicional,Almacen,2021-03,2021-03
249075,Tradicional,Almacen,2021-03,2021-03
249359,Kioscos/maxikioscos,Kiosco Ventana,2021-06,2021-08
249753,Tradicional,Fiambreria/queseria,2021-03,2021-09
250453,Tradicional,Almacen,2021-03,2021-03
250995,Kioscos/maxikioscos,Kiosco/maxikiosco,2021-03,2021-03
274275,Tradicional,Almacen,2021-02,2021-04
274787,Tradicional,Almacen,2021-04,2021-04
276227,Tradicional,Almacen,2021-05,2021-07
278327,Kioscos/maxikioscos,Kiosco Ventana,2021-03,2021-03
278997,Autoservicio,Autoservicio Independiente,2021-02,2021-03
280229,Tradicional,Almacen,2021-12,2022-12
281405,Tradicional,Almacen,2019-05,2021-03
281563,Kioscos/maxikioscos,Kiosco/maxikiosco,2021-03,2021-03
284309,Kioscos/maxikioscos,Kiosco/maxikiosco,2021-03,2021-03
289025,Kioscos/maxikioscos,Kiosco Ventana,2021-03,2021-03
291141,Kioscos/maxikioscos,Kiosco/maxikiosco,2021-03,2021-03
292341,Kioscos/maxikioscos,Kiosco Ventana,2021-03,2021-03
295547,Kioscos/maxikioscos,Kiosco/maxikiosco,2021-03,2021-03
295769,Kioscos/maxikioscos,Kiosco/maxikiosco,2021-04,2021-04
297025,Tradicional,Almacen,2021-03,2021-03
311185,Tradicional,Almacen,2021-03,2021-03
312069,Tradicional,Farmacia,2021-04,2022-08
312225,Tradicional,Almacen,2021-03,2021-03
312303,Kioscos/maxikioscos,Kiosco/maxikiosco,2021-02,2021-02
314701,Tradicional,Almacen,2021-03,2021-03
314887,Tradicional,Almacen,2021-03,2021-03
315259,Kioscos/maxikioscos,Kiosco/maxikiosco,2021-03,2021-03
315765,Tradicional,Almacen,2021-03,2021-03
315783,Tradicional,Almacen,2021-03,2021-04
317283,Tradicional,Almacen,2021-03,2021-03
318305,Tradicional,Almacen,2021-03,2021-04
319271,Tradicional,Almacen,2021-04,2021-04
334323,Kioscos/maxikioscos,Kiosco Ventana,2021-03,2021-03
335371,Autoservicio,Autoservicio Independiente,2021-03,2021-05
335377,Autoservicio,Autoservicio Independiente,2021-05,2021-05
335379,Autoservicio,Autoservicio Independiente,2021-05,2021-05
336809,Tradicional,Almacen,2021-03,2021-03
337611,Tradicional,Rotiseria/com P Llevar,2021-04,2021-09
338151,Tradicional,Almacen,2021-09,2021-09
339059,Autoservicio,Autoservicio Independiente,2021-02,2021-03
339175,Tradicional,Almacen,2021-04,2021-04
339891,Tradicional,Almacen,2021-05,2021-05
340227,Tradicional,Almacen,2021-03,2021-04
340251,Tradicional,Almacen,2021-03,2021-03
341685,Tradicional,Almacen,2021-03,2021-03
342371,Tradicional,Carniceria/polleria,2021-04,2021-04
342649,Kioscos/maxikioscos,Kiosco/maxikiosco,2021-02,2021-03
342947,Tradicional,Almacen,2021-02,2021-02
346077,Autoservicio,Autoservicio Independiente,2021-04,2021-04
346541,Kioscos/maxikioscos,Kiosco Ventana,2021-03,2021-03
347211,Kioscos/maxikioscos,Kiosco/maxikiosco,2021-04,2021-04
347601,Tradicional,Verduleria,2021-04,2021-04
349595,Kioscos/maxikioscos,Kiosco Ventana,2021-03,2021-03
349987,Kioscos/maxikioscos,Kiosco Ventana,2021-03,2021-03
351325,Autoservicio,Autoservicio Independiente,2021-03,2021-03
351345,Kioscos/maxikioscos,Kiosco/maxikiosco,2021-05,2021-05
352161,Kioscos/maxikioscos,Kiosco Ventana,2021-03,2021-03
352695,Tradicional,Almacen,2021-03,2021-03
353571,Kioscos/maxikioscos,Kiosco Ventana,2021-03,2021-03
353825,Tradicional,Almacen,2021-03,2021-03
353827,Tradicional,Almacen,2021-03,2021-03
355147,Tradicional,Almacen,2021-03,2021-03
356653,Kioscos/maxikioscos,Kiosco Ventana,2021-03,2021-03
356809,Tradicional,Almacen,2021-03,2021-03
357971,Kioscos/maxikioscos,Kiosco Ventana,2021-03,2021-03
358829,Tradicional,Almacen,2021-03,2021-03
359205,Tradicional,Almacen,2021-03,2021-03
359215,Kioscos/maxikioscos,Kiosco Ventana,2021-03,2021-03
360233,Tradicional,Almacen,2023-01,2023-01
361233,Tradicional,Almacen,2021-03,2021-03
365095,Kioscos/maxikioscos,Kiosco Ventana,2021-07,2021-07
365257,Tradicional,Almacen Autoservice,2021-03,2021-04
366115,Tradicional,Almacen,2021-02,2021-03
366861,Kioscos/maxikioscos,Kiosco Ventana,2021-10,2021-11
367507,Autoservicio,Autoservicio Independiente,2021-02,2021-02
368133,Tradicional,Almacen,2021-08,2021-09
368137,Tradicional,Almacen,2021-04,2021-04
369137,Tradicional,Almacen,2021-03,2021-03
369859,Tradicional,Almacen,2021-02,2021-03
376873,Kioscos/maxikioscos,Kiosco/maxikiosco,2021-03,2021-03
378187,Tradicional,Almacen,2023-02,2023-06
378299,Tradicional,Almacen,2021-04,2021-04
378875,Tradicional,Almacen,2021-04,2021-04
379543,Kioscos/maxikioscos,Kiosco/maxikiosco,2023-05,2023-05
601419,Tradicional,Almacen,2021-03,2021-03
602819,Kioscos/maxikioscos,Kiosco Ventana,2021-03,2021-03
605103,Tradicional,Almacen,2021-04,2021-04
605291,Tradicional,Almacen,2021-03,2021-03
606051,Kioscos/maxikioscos,Kiosco/maxikiosco,2021-03,2021-03
607683,Tradicional,Almacen,2018-11,2021-03
609787,Kioscos/maxikioscos,Kiosco Ventana,2021-03,2021-04
610085,Autoservicio,Autoservicio Independiente,2021-03,2021-03
610591,Kioscos/maxikioscos,Kiosco/maxikiosco,2023-05,2023-05
611797,Autoservicio,Autoservicio Independiente,2021-05,2021-05
612119,Kioscos/maxikioscos,Kiosco/maxikiosco,2018-11,2021-02
612607,Tradicional,Almacen,2021-03,2021-03
615105,Tradicional,Almacen,2021-03,2021-03
615231,Tradicional,Almacen,2021-03,2021-03
616865,Tradicional,Almacen,2021-03,2021-03
618519,Kioscos/maxikioscos,Kiosco Ventana,2021-06,2021-08
619343,Tradicional,Rotiseria/com P Llevar,2021-04,2021-04
619363,Autoservicio,Autoservicio Independiente,2021-05,2021-05
620665,Kioscos/maxikioscos,Kiosco Ventana,2021-04,2021-04
621811,Kioscos/maxikioscos,Kiosco Ventana,2021-03,2021-03
622797,Tradicional,Almacen,2021-04,2021-04
624147,Tradicional,Almacen,2021-03,2021-03
624247,Kioscos/maxikioscos,Kiosco/maxikiosco,2021-06,2021-07
624439,Tradicional,Almacen,2021-03,2021-03
625205,Tradicional,Almacen,2021-03,2021-03
627157,Tradicional,Almacen,2021-04,2021-04
627395,Tradicional,Almacen,2021-03,2021-03
628821,Kioscos/maxikioscos,Kiosco Ventana,2021-03,2021-03
629353,Kioscos/maxikioscos,Kiosco Ventana,2021-04,2021-04
630397,Tradicional,Almacen,2021-03,2021-03
630885,Kioscos/maxikioscos,Kiosco Ventana,2021-03,2021-04
631219,Autoservicio,Autoservicio Independiente,2021-02,2021-03
631363,Tradicional,Almacen,2021-03,2021-03
632043,Kioscos/maxikioscos,Kiosco/maxikiosco,2021-04,2021-04
632717,Tradicional,Almacen,2021-04,2021-04
632747,Tradicional,Almacen,2021-03,2021-03
633013,Tradicional,Almacen,2021-03,2021-03
635763,Kioscos/maxikioscos,Kiosco/maxikiosco,2021-03,2021-04
636105,Tradicional,Almacen,2021-03,2021-03
643419,Tradicional,Fiambreria/queseria,2021-04,2021-04
644309,Kioscos/maxikioscos,Kiosco Ventana,2021-03,2021-03
645173,Kioscos/maxikioscos,Kiosco Ventana,2018-11,2021-03
645337,Tradicional,Almacen,2018-11,2021-02
645463,Tradicional,Almacen,2021-03,2021-03
646905,Tradicional,Almacen,2021-03,2021-03
648097,Tradicional,Almacen Autoservice,2021-03,2021-03
650363,Tradicional,Almacen,2021-07,2021-07
651047,Tradicional,Almacen,2021-04,2021-08
651359,Kioscos/maxikioscos,Kiosco/maxikiosco,2021-03,2021-03
655605,Tradicional,Almacen,2021-03,2021-03
657219,Tradicional,Almacen,2021-03,2021-03
658973,Tradicional,Almacen,2021-03,2021-03
659309,Kioscos/maxikioscos,Kiosco Ventana,2021-03,2021-03
659317,Tradicional,Almacen,2021-03,2021-03
660045,Kioscos/maxikioscos,Kiosco/maxikiosco,2021-03,2021-04
663511,Kioscos/maxikioscos,Kiosco/maxikiosco,2021-04,2021-04
663537,Tradicional,Almacen,2021-03,2021-03
664185,Tradicional,Almacen,2021-03,2021-03
664639,Tradicional,Almacen,2021-06,2021-06
665273,Tradicional,Almacen,2021-03,2021-03
667603,Tradicional,Carniceria/polleria,2021-03,2021-03
667939,Autoservicio,Autoservicio Independiente,2021-02,2021-02
669481,Kioscos/maxikioscos,Kiosco Ventana,2021-03,2021-05
670303,Kioscos/maxikioscos,Kiosco/maxikiosco,2021-03,2021-03
671299,Tradicional,Almacen,2021-04,2021-04
673257,Tradicional,Almacen,2021-02,2021-02
674121,Kioscos/maxikioscos,Kiosco/maxikiosco,2021-03,2021-04
679315,Tradicional,Almacen,2021-03,2021-03
681621,Tradicional,Vinoteca,2021-03,2021-03
682535,Kioscos/maxikioscos,Kiosco Ventana,2019-01,2021-03
682667,Tradicional,Almacen,2021-03,2021-03
682755,Kioscos/maxikioscos,Kiosco/maxikiosco,2021-04,2021-04
683287,Tradicional,Almacen,2021-10,2021-10
683443,Kioscos/maxikioscos,Kiosco/maxikiosco,2021-06,2021-06
684605,Kioscos/maxikioscos,Kiosco/maxikiosco,2021-02,2021-03
685773,Kioscos/maxikioscos,Kiosco Ventana,2021-03,2021-04
708277,Tradicional,Almacen,2021-03,2021-03
709431,Tradicional,Almacen,2021-03,2021-03
713751,Autoservicio,Autoservicio Independiente,2021-07,2021-07
715961,Tradicional,Almacen,2021-04,2021-04
716807,Kioscos/maxikioscos,Kiosco Ventana,2021-03,2021-03
716841,Tradicional,Almacen,2021-04,2021-04
716861,Tradicional,Almacen,2021-03,2021-03
716915,Autoservicio,Autoservicio Independiente,2021-02,2021-03
716985,Kioscos/maxikioscos,Kiosco Ventana,2021-02,2021-03
717789,Kioscos/maxikioscos,Kiosco Ventana,2021-06,2021-06
718643,Kioscos/maxikioscos,Kiosco Ventana,2021-03,2021-04
719411,Tradicional,Almacen,2021-03,2021-04
720757,Kioscos/maxikioscos,Kiosco/maxikiosco,2021-03,2021-03
726157,Tradicional,Almacen,2021-04,2021-04
727653,Kioscos/maxikioscos,Kiosco/maxikiosco,2021-03,2021-03
727733,Tradicional,Verduleria,2021-04,2021-04
728271,Tradicional,Almacen,2021-03,2021-03
729515,Kioscos/maxikioscos,Kiosco/maxikiosco,2019-04,2021-03
730913,Kioscos/maxikioscos,Kiosco Ventana,2021-03,2021-03
731085,Tradicional,Almacen,2021-03,2021-03
732223,Tradicional,Almacen,2023-06,2023-06
732439,Kioscos/maxikioscos,Kiosco/maxikiosco,2020-01,2021-03
732441,Kioscos/maxikioscos,Kiosco/maxikiosco,2018-11,2021-03
732443,Kioscos/maxikioscos,Kiosco/maxikiosco,2018-11,2021-03
733709,Kioscos/maxikioscos,Kiosco Ventana,2021-04,2021-04
734167,Kioscos/maxikioscos,Kiosco Ventana,2018-11,2020-06
734363,Kioscos/maxikioscos,Kiosco/maxikiosco,2021-03,2021-04
734701,Tradicional,Almacen,2021-03,2021-03
734703,Tradicional,Almacen,2021-03,2021-03
735087,Tradicional,Almacen,2021-03,2021-03
735089,Tradicional,Almacen,2021-03,2021-03
735167,Kioscos/maxikioscos,Kiosco Ventana,2021-03,2021-03
737275,Kioscos/maxikioscos,Kiosco/maxikiosco,2018-11,2021-03
738371,Tradicional,Rotiseria/com P Llevar,2021-04,2021-04
739129,Tradicional,Almacen,2021-03,2021-03
739731,Kioscos/maxikioscos,Kiosco Ventana,2021-03,2021-03
741401,Autoservicio,Autoservicio Independiente,2021-03,2021-03
741501,Tradicional,Almacen,2021-03,2021-03
741505,Tradicional,Rotiseria/com P Llevar,2021-03,2021-03
742555,Tradicional,Almacen,2021-03,2021-03
743981,Kioscos/maxikioscos,Kiosco/maxikiosco,2021-04,2021-04
744413,Tradicional,Almacen,2018-12,2020-06
744941,Tradicional,Almacen,2021-03,2021-03
744965,Autoservicio,Autoservicio Independiente,2021-03,2021-03
745039,Tradicional,Almacen,2021-03,2021-03
745611,Tradicional,Almacen,2021-03,2021-03
745627,Kioscos/maxikioscos,Kiosco Ventana,2021-03,2021-03
746015,Tradicional,Verduleria,2021-04,2021-04
746245,Tradicional,Almacen,2021-03,2021-03
746471,Tradicional,Almacen,2021-04,2021-04
746747,Tradicional,Almacen,2021-03,2021-03
747019,Kioscos/maxikioscos,Kiosco Ventana,2021-04,2021-04
747349,Tradicional,Almacen,2021-07,2021-07
747351,Kioscos/maxikioscos,Kiosco/maxikiosco,2020-05,2021-03
748171,Kioscos/maxikioscos,Kiosco/maxikiosco,2021-03,2021-03
748173,Tradicional,Tienda De Bebidas,2018-11,2021-03
751167,Tradicional,Almacen,2019-06,2021-04
751419,Autoservicio,Autoservicio Independiente,2021-03,2021-03
752309,Tradicional,Almacen,2021-03,2021-03
752317,Tradicional,Almacen,2021-03,2021-03
752319,Kioscos/maxikioscos,Kiosco/maxikiosco,2021-03,2021-03
752407,Tradicional,Almacen,2021-02,2021-02
753937,Tradicional,Almacen,2021-03,2021-04
753941,Tradicional,Almacen,2021-11,2021-11
754133,Kioscos/maxikioscos,Kiosco Ventana,2021-03,2021-03
755737,Tradicional,Almacen,2021-12,2022-07
756685,Kioscos/maxikioscos,Kiosco Ventana,2021-02,2021-02
757851,Kioscos/maxikioscos,Kiosco Ventana,2021-04,2021-04
758305,Autoservicio,Autoservicio Independiente,2021-02,2021-02
758341,Tradicional,Almacen,2021-04,2021-04
758345,Tradicional,Almacen,2021-03,2021-03
758511,Tradicional,Almacen,2021-03,2021-05
758613,Tradicional,Almacen,2021-02,2021-02
759253,Tradicional,Almacen,2021-03,2021-03
759483,Tradicional,Almacen,2021-03,2021-04
760911,Kioscos/maxikioscos,Kiosco/maxikiosco,2019-02,2021-03
761241,Kioscos/maxikioscos,Kiosco/maxikiosco,2020-04,2021-03
761877,Tradicional,Almacen,2021-03,2021-03
762171,Kioscos/maxikioscos,Kiosco Ventana,2020-05,2021-03
762191,Kioscos/maxikioscos,Kiosco Ventana,2021-03,2021-03
762429,Tradicional,Almacen,2021-04,2021-04
762577,Tradicional,Panaderia / Pasteleria,2021-04,2021-04
762583,Tradicional,Panaderia / Pasteleria,2021-12,2021-12
762845,Kioscos/maxikioscos,Kiosco/maxikiosco,2020-04,2021-03
762943,Kioscos/maxikioscos,Kiosco Ventana,2018-11,2021-03
762945,Kioscos/maxikioscos,Kiosco Ventana,2021-03,2021-03
762947,Kioscos/maxikioscos,Kiosco Ventana,2021-03,2021-03
762949,Kioscos/maxikioscos,Kiosco Ventana,2021-03,2021-03
762951,Kioscos/maxikioscos,Kiosco Ventana,2021-03,2021-03
763659,Kioscos/maxikioscos,Kiosco Ventana,2020-05,2021-03
763703,Kioscos/maxikioscos,Kiosco/maxikiosco,2021-03,2021-03
765233,Tradicional,Vinoteca,2021-03,2021-03
766395,Tradicional,Almacen Autoservice,2021-03,2021-03
766585,Tradicional,Almacen,2021-02,2021-03
767067,Tradicional,Almacen,2021-03,2021-03
768343,Kioscos/maxikioscos,Kiosco Ventana,2021-03,2021-03
769675,Tradicional,Almacen,2021-03,2021-03
770121,Kioscos/maxikioscos,Kiosco Ventana,2019-03,2021-03
770373,Tradicional,Almacen,2019-04,2021-02
771125,Tradicional,Almacen,2021-03,2021-03
771221,Tradicional,Almacen,2021-03,2021-03
771541,Tradicional,Almacen,2021-02,2021-02
772741,Kioscos/maxikioscos,Kiosco/maxikiosco,2022-03,2023-05
773007,Kioscos/maxikioscos,Kiosco Ventana,2021-03,2021-03
774157,Autoservicio,Autoservicio Independiente,2021-02,2021-03
774463,Kioscos/maxikioscos,Kiosco/maxikiosco,2021-03,2021-04
776069,Tradicional,Almacen,2021-03,2021-04
776189,Tradicional,Almacen,2021-03,2021-03
776299,Kioscos/maxikioscos,Kiosco Ventana,2021-03,2021-03
776517,Tradicional,Almacen Autoservice,2021-02,2021-02
776687,Tradicional,Carniceria/polleria,2021-02,2021-03
777915,Tradicional,Almacen Autoservice,2021-03,2021-03
778445,Kioscos/maxikioscos,Kiosco Ventana,2021-03,2021-03
778705,Autoservicio,Autoservicio Independiente,2021-03,2021-03
782439,Kioscos/maxikioscos,Kiosco/maxikiosco,2021-03,2021-03
782607,Tradicional,Almacen,2021-03,2021-03
782721,Kioscos/maxikioscos,Kiosco Ventana,2021-03,2021-04
782771,Kioscos/maxikioscos,Kiosco/maxikiosco,2021-04,2021-04
783697,Tradicional,Almacen,2021-03,2021-03
785043,Tradicional,Almacen,2020-05,2021-03
785843,Kioscos/maxikioscos,Kiosco/maxikiosco,2021-03,2021-04
785851,Kioscos/maxikioscos,Kiosco Ventana,2021-03,2021-03
786591,Kioscos/maxikioscos,Kiosco/maxikiosco,2021-05,2021-05
786947,Tradicional,Verduleria,2021-04,2021-11
788019,Tradicional,Almacen,2021-02,2021-02
788897,Kioscos/maxikioscos,Kiosco Ventana,2021-03,2021-03
788899,Kioscos/maxikioscos,Kiosco/maxikiosco,2021-03,2021-03
788901,Kioscos/maxikioscos,Kiosco Ventana,2021-04,2021-04
790307,Tradicional,Almacen,2021-03,2021-03
790377,Tradicional,Almacen,2021-04,2021-04
791157,Tradicional,Almacen,2021-03,2021-04
791377,Kioscos/maxikioscos,Kiosco/maxikiosco,2021-03,2021-03
791457,Tradicional,Almacen,2021-03,2021-03
791821,Tradicional,Almacen Autoservice,2022-08,2022-08
792641,Tradicional,Almacen,2021-03,2021-03
792701,Autoservicio,Autoservicio Independiente,2021-03,2021-03
792849,Tradicional,Almacen,2021-03,2021-07
793099,Tradicional,Almacen,2021-03,2021-03
793237,Tradicional,Almacen,2021-03,2021-09
793657,Kioscos/maxikioscos,Kiosco Ventana,2021-03,2021-04
793911,Tradicional,Almacen,2021-04,2021-04
793931,Kioscos/maxikioscos,Kiosco/maxikiosco,2021-03,2021-03
794089,Tradicional,Almacen,2021-03,2021-03
794301,Kioscos/maxikioscos,Kiosco/maxikiosco,2018-12,2021-03
794507,Kioscos/maxikioscos,Kiosco/maxikiosco,2021-03,2021-03
794543,Kioscos/maxikioscos,Kiosco/maxikiosco,2021-02,2021-03
794735,Tradicional,Almacen,2021-04,2023-11
795389,Kioscos/maxikioscos,Kiosco Ventana,2021-04,2021-04
795501,Tradicional,Almacen Autoservice,2021-03,2021-03
795611,Kioscos/maxikioscos,Kiosco/maxikiosco,2021-04,2021-04
795781,Kioscos/maxikioscos,Kiosco/maxikiosco,2021-03,2021-03
795879,Tradicional,Almacen,2021-03,2021-04
796353,Autoservicio,Autoservicio Independiente,2021-03,2021-03
796543,Autoservicio,Autoservicio Independiente,2021-03,2021-03
797277,Kioscos/maxikioscos,Kiosco/maxikiosco,2018-12,2021-03
797643,Tradicional,Almacen,2021-03,2021-03
797731,Autoservicio,Autoservicio Independiente,2021-06,2021-06
798041,Tradicional,Almacen,2021-03,2021-03
798051,Tradicional,Almacen,2021-03,2021-03
798485,Tradicional,Almacen,2018-11,2021-03
798487,Tradicional,Almacen,2021-03,2021-04
799391,Kioscos/maxikioscos,Kiosco/maxikiosco,2021-03,2021-03
799559,Kioscos/maxikioscos,Kiosco/maxikiosco,2021-03,2021-03
799811,Kioscos/maxikioscos,Kiosco/maxikiosco,2021-03,2021-03
800049,Kioscos/maxikioscos,Kiosco/maxikiosco,2021-03,2021-03
808421,Tradicional,Almacen,2021-03,2021-03
808451,Autoservicio,Autoservicio Independiente,2021-02,2021-02
809209,Kioscos/maxikioscos,Kiosco Ventana,2021-03,2021-03
809953,Kioscos/maxikioscos,Kiosco/maxikiosco,2021-05,2021-05
811265,Kioscos/maxikioscos,Kiosco/maxikiosco,2021-03,2021-03
811333,Tradicional,Almacen,2021-03,2021-03
811345,Tradicional,Almacen,2021-03,2021-03
811625,Kioscos/maxikioscos,Kiosco Ventana,2021-03,2021-04
812395,Tradicional,Almacen,2019-04,2021-03
812403,Kioscos/maxikioscos,Kiosco Ventana,2021-02,2021-03
812731,Tradicional,Panaderia / Pasteleria,2021-03,2021-03
812803,Tradicional,Almacen,2021-03,2021-04
813405,Kioscos/maxikioscos,Kiosco/maxikiosco,2021-03,2021-03
813409,Kioscos/maxikioscos,Kiosco/maxikiosco,2021-03,2021-03
814021,Tradicional,Tienda De Bebidas,2021-04,2021-04
814023,Kioscos/maxikioscos,Kiosco Ventana,2021-03,2021-03
814083,Autoservicio,Autoservicio Independiente,2021-03,2021-03
814343,Kioscos/maxikioscos,Kiosco Ventana,2021-03,2021-03
816033,Tradicional,Almacen,2021-04,2021-04
816229,Kioscos/maxikioscos,Kiosco Ventana,2021-03,2021-03
817161,Tradicional,Almacen,2021-11,2021-11
817165,Tradicional,Almacen,2021-03,2021-03
817175,Tradicional,Almacen,2021-03,2021-03
817177,Autoservicio,Autoservicio Independiente,2021-02,2021-02
817919,Tradicional,Almacen,2021-03,2021-03
818345,Tradicional,Almacen,2021-03,2021-03
818903,Kioscos/maxikioscos,Kiosco Ventana,2021-03,2021-03
818907,Kioscos/maxikioscos,Kiosco Ventana,2020-04,2021-03
818961,Tradicional,Almacen,2021-03,2021-03
818969,Tradicional,Almacen,2021-03,2021-03
818977,Tradicional,Almacen,2021-05,2021-05
818985,Tradicional,Almacen,2021-04,2021-04
819939,Autoservicio,Autoservicio Independiente,2021-04,2021-04
819941,Kioscos/maxikioscos,Kiosco Ventana,2021-03,2021-04
819945,Kioscos/maxikioscos,Kiosco/maxikiosco,2021-02,2021-03
820733,Tradicional,Almacen,2021-03,2021-03
820815,Kioscos/maxikioscos,Kiosco/maxikiosco,2018-11,2021-03
820817,Kioscos/maxikioscos,Kiosco Ventana,2021-07,2021-07
820873,Kioscos/maxikioscos,Kiosco/maxikiosco,2020-01,2021-03
820941,Kioscos/maxikioscos,Kiosco Ventana,2021-03,2021-03
820967,Kioscos/maxikioscos,Kiosco/maxikiosco,2021-03,2021-03
821093,Kioscos/maxikioscos,Kiosco/maxikiosco,2021-03,2021-03
823871,Tradicional,Almacen,2021-03,2021-03
823877,Kioscos/maxikioscos,Kiosco/maxikiosco,2020-06,2021-02
824519,Autoservicio,Autoservicio Independiente,2021-03,2021-03
824523,Tradicional,Almacen,2021-03,2021-03
825255,Kioscos/maxikioscos,Kiosco Ventana,2018-11,2021-03
825257,Tradicional,Almacen,2021-03,2021-03
825459,Kioscos/maxikioscos,Kiosco/maxikiosco,2021-03,2021-03
825983,Kioscos/maxikioscos,Kiosco/maxikiosco,2021-03,2021-03
825991,Kioscos/maxikioscos,Kiosco/maxikiosco,2021-03,2021-04
825999,Kioscos/maxikioscos,Kiosco Ventana,2021-03,2021-04
826591,Tradicional,Almacen,2021-03,2021-03
826593,Tradicional,Almacen,2021-02,2021-03
826637,Kioscos/maxikioscos,Kiosco/maxikiosco,2020-03,2021-03
826807,Kioscos/maxikioscos,Kiosco/maxikiosco,2020-02,2021-03
827201,Tradicional,Almacen,2021-03,2021-04
827459,Kioscos/maxikioscos,Kiosco/maxikiosco,2021-02,2021-03
827505,Tradicional,Almacen,2021-11,2022-10
828759,Kioscos/maxikioscos,Kiosco Ventana,2021-03,2021-03
828771,Autoservicio,Autoservicio Independiente,2021-03,2021-03
830783,Tradicional,Almacen,2021-03,2021-03
830785,Tradicional,Almacen,2021-03,2021-03
830787,Kioscos/maxikioscos,Kiosco/maxikiosco,2021-02,2021-03
830791,Kioscos/maxikioscos,Kiosco/maxikiosco,2021-03,2021-03
830793,Kioscos/maxikioscos,Kiosco/maxikiosco,2021-03,2021-03
830807,Kioscos/maxikioscos,Kiosco/maxikiosco,2018-12,2021-03
831985,Tradicional,Vinoteca,2020-05,2021-03
832603,Kioscos/maxikioscos,Kiosco/maxikiosco,2018-11,2021-03
833497,Autoservicio,Autoservicio Independiente,2021-02,2021-03
834785,Kioscos/maxikioscos,Kiosco/maxikiosco,2021-06,2021-07
834793,Autoservicio,Autoservicio Independiente,2021-03,2021-03
834953,Autoservicio,Autoservicio Independiente,2021-04,2021-04
837261,Autoservicio,Autoservicio Independiente,2021-03,2021-03
837371,Kioscos/maxikioscos,Kiosco/maxikiosco,2021-03,2021-03
837495,Kioscos/maxikioscos,Kiosco Ventana,2021-03,2021-03
837779,Kioscos/maxikioscos,Kiosco/maxikiosco,2021-03,2021-04
838697,Autoservicio,Autoservicio Independiente,2021-03,2021-03
838699,Kioscos/maxikioscos,Kiosco Ventana,2021-02,2021-03
839493,Kioscos/maxikioscos,Kiosco/maxikiosco,2021-03,2021-04
839709,Tradicional,Almacen,2021-03,2021-03
840857,Autoservicio,Autoservicio Independiente,2021-05,2021-05
841071,Kioscos/maxikioscos,Kiosco Ventana,2021-03,2021-03
841083,Tradicional,Almacen,2018-12,2021-03
841085,Tradicional,Almacen,2021-02,2021-02
841389,Kioscos/maxikioscos,Kiosco Ventana,2021-03,2021-03
841677,Kioscos/maxikioscos,Kiosco Ventana,2021-09,2021-09
841751,Tradicional,Almacen,2021-04,2021-04
841789,Tradicional,Almacen,2020-03,2021-04
842469,Tradicional,Almacen,2021-03,2021-03
842673,Kioscos/maxikioscos,Kiosco Ventana,2021-03,2021-04
843133,Tradicional,Almacen,2021-03,2021-03
843701,Kioscos/maxikioscos,Kiosco Ventana,2021-03,2021-03
843789,Tradicional,Carniceria/polleria,2021-07,2021-07
843819,Kioscos/maxikioscos,Kiosco/maxikiosco,2020-04,2021-03
843849,Tradicional,Almacen,2021-09,2021-09
843851,Kioscos/maxikioscos,Kiosco/maxikiosco,2021-03,2021-03
843915,Kioscos/maxikioscos,Kiosco Ventana,2021-03,2021-03
843973,Tradicional,Almacen,2021-03,2021-03
844225,Autoservicio,Autoservicio Independiente,2021-05,2021-05
844227,Autoservicio,Autoservicio Independiente,2021-05,2021-05
844693,Autoservicio,Autoservicio Independiente,2021-05,2021-05
845435,Kioscos/maxikioscos,Kiosco Ventana,2021-03,2021-04
846523,Kioscos/maxikioscos,Kiosco/maxikiosco,2021-03,2021-03
847091,Kioscos/maxikioscos,Kiosco/maxikiosco,2021-03,2021-03
847255,Tradicional,Almacen,2021-03,2021-03
848531,Tradicional,Almacen,2020-04,2021-02
848601,Tradicional,Almacen,2020-09,2021-02
848647,Kioscos/maxikioscos,Kiosco Ventana,2021-04,2021-04
848777,Tradicional,Almacen,2021-02,2021-03
849003,Kioscos/maxikioscos,Kiosco/maxikiosco,2021-08,2021-09
849927,Tradicional,Almacen,2021-04,2021-04
850561,Autoservicio,Autoservicio Independiente,2021-05,2021-05
851215,Kioscos/maxikioscos,Kiosco Ventana,2019-05,2021-03
851307,Autoservicio,Autoservicio Independiente,2021-02,2021-03
851459,Autoservicio,Autoservicio Independiente,2021-04,2021-05
851839,Tradicional,Carniceria/polleria,2021-03,2021-04
852931,Tradicional,Almacen,2021-03,2021-03
852941,Kioscos/maxikioscos,Kiosco Ventana,2021-04,2021-08
852959,Tradicional,Almacen,2021-03,2021-03
853027,Kioscos/maxikioscos,Kiosco/maxikiosco,2021-03,2021-03
853227,Kioscos/maxikioscos,Kiosco Ventana,2019-07,2021-03
853543,Tradicional,Almacen Autoservice,2021-03,2021-03
853561,Tradicional,Almacen,2021-04,2021-07
853575,Tradicional,Almacen Autoservice,2021-03,2021-03
854195,Kioscos/maxikioscos,Kiosco Ventana,2021-03,2021-03
854301,Kioscos/maxikioscos,Kiosco Ventana,2021-03,2021-03
855155,Tradicional,Almacen,2021-04,2021-04
855159,Tradicional,Almacen,2021-03,2021-03
855359,Kioscos/maxikioscos,Kiosco/maxikiosco,2021-05,2021-05
855373,Tradicional,Almacen,2021-07,2021-07
855853,Kioscos/maxikioscos,Kiosco Ventana,2021-03,2021-03
856049,Kioscos/maxikioscos,Kiosco Ventana,2019-08,2021-03
856059,Tradicional,Almacen,2021-03,2021-03
856107,Tradicional,Almacen,2021-04,2021-04
856179,Kioscos/maxikioscos,Kiosco/maxikiosco,2021-04,2021-04
856357,Kioscos/maxikioscos,Kiosco/maxikiosco,2021-04,2021-04
856381,Tradicional,Almacen,2021-03,2021-03
856415,Tradicional,Almacen,2021-04,2021-04
856607,Kioscos/maxikioscos,Kiosco/maxikiosco,2021-03,2021-03
856609,Tradicional,Almacen,2021-04,2021-04
856611,Kioscos/maxikioscos,Kiosco Ventana,2021-02,2021-02
856667,Kioscos/maxikioscos,Kiosco/maxikiosco,2021-03,2021-03
857019,Kioscos/maxikioscos,Kiosco Ventana,2021-03,2021-04
857079,Kioscos/maxikioscos,Kiosco Ventana,2021-03,2021-03
857179,Kioscos/maxikioscos,Kiosco Ventana,2021-03,2021-03
857409,Kioscos/maxikioscos,Kiosco Ventana,2021-02,2021-02
857479,Tradicional,Almacen,2021-03,2021-03
857577,Autoservicio,Autoservicio Independiente,2021-05,2021-05
857841,Kioscos/maxikioscos,Kiosco/maxikiosco,2020-02,2021-03
857881,Kioscos/maxikioscos,Kiosco/maxikiosco,2021-03,2021-04
858497,Tradicional,Almacen,2021-03,2021-04
858591,Kioscos/maxikioscos,Kiosco/maxikiosco,2021-03,2021-03
858595,Kioscos/maxikioscos,Kiosco/maxikiosco,2021-03,2021-03
858601,Kioscos/maxikioscos,Kiosco/maxikiosco,2021-03,2021-04
858605,Kioscos/maxikioscos,Kiosco/maxikiosco,2021-03,2021-03
858689,Kioscos/maxikioscos,Kiosco/maxikiosco,2021-06,2021-06
858721,Kioscos/maxikioscos,Kiosco/maxikiosco,2021-03,2021-03
858757,Kioscos/maxikioscos,Kiosco Ventana,2021-11,2021-11
859677,Kioscos/maxikioscos,Kiosco Ventana,2021-03,2021-03
859745,Kioscos/maxikioscos,Kiosco/maxikiosco,2021-03,2021-03
859755,Tradicional,Almacen Autoservice,2021-03,2021-03
860157,Kioscos/maxikioscos,Kiosco Ventana,2021-03,2021-03
860697,Kioscos/maxikioscos,Kiosco/maxikiosco,2021-03,2021-03
860723,Kioscos/maxikioscos,Kiosco/maxikiosco,2021-07,2021-09
860739,Kioscos/maxikioscos,Kiosco/maxikiosco,2021-03,2021-03
860743,Kioscos/maxikioscos,Kiosco/maxikiosco,2021-03,2021-03
860903,Kioscos/maxikioscos,Kiosco Ventana,2021-02,2021-03
860905,Tradicional,Almacen Autoservice,2021-03,2021-03
860949,Tradicional,Almacen,2021-03,2021-03
860981,Kioscos/maxikioscos,Kiosco Ventana,2021-03,2021-03
861377,Kioscos/maxikioscos,Kiosco/maxikiosco,2021-03,2021-04
861615,Tradicional,Verduleria,2021-05,2021-10
861957,Autoservicio,Autoservicio Independiente,2021-02,2021-03
862211,Kioscos/maxikioscos,Kiosco/maxikiosco,2021-03,2021-03
862451,Tradicional,Almacen,2020-04,2020-06
862463,Kioscos/maxikioscos,Kiosco/maxikiosco,2021-03,2021-03
862747,Tradicional,Almacen,2021-03,2021-03
862847,Kioscos/maxikioscos,Kiosco/maxikiosco,2021-03,2021-03
863117,Tradicional,Almacen,2021-03,2021-03
864177,Tradicional,Almacen,2019-11,2021-03
864281,Kioscos/maxikioscos,Kiosco Ventana,2021-03,2021-03
864285,Autoservicio,Autoservicio Independiente,2021-07,2021-08
864291,Autoservicio,Autoservicio Independiente,2021-05,2021-05
864659,Kioscos/maxikioscos,Kiosco Ventana,2021-02,2021-02
864829,Autoservicio,Autoservicio Independiente,2021-06,2021-07
864831,Autoservicio,Autoservicio Independiente,2021-03,2021-03
865097,Tradicional,Rotiseria/com P Llevar,2021-06,2021-07
865697,Kioscos/maxikioscos,Kiosco Ventana,2021-03,2021-03
866071,Autoservicio,Autoservicio Independiente,2021-05,2021-05
866225,Kioscos/maxikioscos,Kiosco Ventana,2021-02,2021-02
866327,Tradicional,Almacen,2021-03,2021-03
867203,Tradicional,Fiambreria/queseria,2021-03,2021-04
867231,Kioscos/maxikioscos,Kiosco Ventana,2020-02,2020-06
867583,Tradicional,Almacen Autoservice,2021-03,2021-03
868171,Tradicional,Almacen,2021-03,2021-03
868233,Kioscos/maxikioscos,Kiosco Ventana,2021-03,2021-03
868919,Tradicional,Almacen,2021-03,2021-03
868935,Kioscos/maxikioscos,Kiosco/maxikiosco,2021-04,2021-04
869105,Kioscos/maxikioscos,Kiosco Ventana,2020-05,2021-03
869107,Tradicional,Almacen,2021-04,2021-04
869109,Tradicional,Almacen,2021-03,2021-04
869547,Tradicional,Almacen,2021-03,2021-04
869871,Kioscos/maxikioscos,Kiosco Ventana,2021-03,2021-03
869895,Kioscos/maxikioscos,Kiosco Ventana,2021-03,2021-04
869933,Kioscos/maxikioscos,Kiosco Ventana,2021-03,2021-03
870183,Kioscos/maxikioscos,Kiosco/maxikiosco,2021-04,2021-06
870307,Kioscos/maxikioscos,Kiosco/maxikiosco,2021-03,2021-03
870379,Tradicional,Almacen,2021-02,2021-02
870381,Kioscos/maxikioscos,Kiosco Ventana,2021-03,2021-04
870385,Kioscos/maxikioscos,Kiosco/maxikiosco,2021-03,2021-03
870449,Kioscos/maxikioscos,Kiosco Ventana,2020-05,2021-03
870639,Tradicional,Almacen,2021-03,2021-03
870701,Tradicional,Almacen,2021-03,2021-03
870761,Tradicional,Otros K+t,2020-05,2021-03
870969,Kioscos/maxikioscos,Kiosco/maxikiosco,2021-04,2021-04
871107,Kioscos/maxikioscos,Kiosco Ventana,2021-03,2021-03
871221,Autoservicio,Autoservicio Independiente,2021-03,2021-03
871399,Kioscos/maxikioscos,Kiosco/maxikiosco,2021-03,2021-03
871847,Kioscos/maxikioscos,Kiosco/maxikiosco,2020-05,2021-04
872011,Kioscos/maxikioscos,Kiosco Ventana,2021-03,2021-03
872081,Kioscos/maxikioscos,Kiosco Ventana,2021-04,2021-04
872111,Tradicional,Almacen,2021-02,2021-03
872197,Tradicional,Almacen,2021-03,2021-04
872327,Kioscos/maxikioscos,Kiosco/maxikiosco,2021-09,2021-12
872341,Tradicional,Almacen,2021-03,2021-03
873083,Tradicional,Almacen,2021-03,2021-03
873149,Tradicional,Almacen,2021-03,2021-03
873313,Kioscos/maxikioscos,Kiosco Ventana,2021-03,2021-03
873427,Kioscos/maxikioscos,Kiosco/maxikiosco,2021-02,2021-02
873671,Kioscos/maxikioscos,Kiosco Ventana,2021-03,2021-03
873851,Kioscos/maxikioscos,Kiosco Ventana,2021-03,2021-03
873907,Tradicional,Almacen,2021-03,2021-03
874083,Kioscos/maxikioscos,Kiosco Ventana,2021-02,2021-03
874199,Tradicional,Almacen,2021-03,2021-03
874251,Kioscos/maxikioscos,Kiosco Ventana,2021-03,2021-03
874495,Autoservicio,Autoservicio Independiente,2021-03,2021-03
874513,Kioscos/maxikioscos,Kiosco/maxikiosco,2021-03,2021-04
874535,Kioscos/maxikioscos,Kiosco Ventana,2021-03,2021-03
874539,Tradicional,Fiambreria/queseria,2021-03,2021-03
874733,Tradicional,Almacen,2021-03,2021-03
874945,Tradicional,Almacen,2021-03,2021-03
875045,Autoservicio,Autoservicio Independiente,2021-09,2021-09
875099,Kioscos/maxikioscos,Kiosco/maxikiosco,2021-02,2021-03
875139,Kioscos/maxikioscos,Kiosco/maxikiosco,2021-03,2021-03
875167,Kioscos/maxikioscos,Kiosco Ventana,2021-03,2021-03
875177,Tradicional,Almacen,2020-07,2021-03
875327,Tradicional,Almacen,2021-04,2021-04
875389,Kioscos/maxikioscos,Kiosco Ventana,2021-03,2021-03
875391,Kioscos/maxikioscos,Kiosco/maxikiosco,2021-03,2021-04
875795,Tradicional,Almacen,2021-04,2021-04
875967,Kioscos/maxikioscos,Kiosco/maxikiosco,2021-03,2021-03
876215,Kioscos/maxikioscos,Kiosco Ventana,2021-04,2021-04
876221,Kioscos/maxikioscos,Kiosco Ventana,2021-03,2021-03
876321,Autoservicio,Autoservicio Independiente,2021-08,2021-09
876355,Kioscos/maxikioscos,Kiosco/maxikiosco,2021-03,2021-03
876395,Kioscos/maxikioscos,Kiosco/maxikiosco,2021-03,2021-04
876399,Kioscos/maxikioscos,Kiosco Ventana,2021-03,2021-03
876423,Kioscos/maxikioscos,Kiosco/maxikiosco,2021-03,2021-03
876437,Kioscos/maxikioscos,Kiosco Ventana,2021-03,2021-03
876451,Tradicional,Almacen,2021-03,2021-03
876589,Kioscos/maxikioscos,Kiosco/maxikiosco,2021-02,2021-03
876591,Kioscos/maxikioscos,Kiosco/maxikiosco,2021-03,2021-03
876773,Tradicional,Almacen,2021-02,2021-03
876829,Kioscos/maxikioscos,Kiosco Ventana,2021-02,2021-03
876851,Tradicional,Panaderia / Pasteleria,2021-05,2021-05
876855,Tradicional,Almacen,2021-05,2021-06
876937,Kioscos/maxikioscos,Kiosco/maxikiosco,2021-03,2021-03
877079,Autoservicio,Autoservicio Independiente,2021-03,2021-03
877211,Kioscos/maxikioscos,Kiosco Ventana,2021-03,2021-03
877401,Kioscos/maxikioscos,Kiosco/maxikiosco,2021-03,2021-03
877777,Tradicional,Almacen,2021-05,2021-05
878043,Kioscos/maxikioscos,Kiosco/maxikiosco,2021-03,2021-04
878081,Kioscos/maxikioscos,Kiosco/maxikiosco,2021-03,2021-04
878123,Tradicional,Almacen,2021-02,2021-03
878187,Kioscos/maxikioscos,Kiosco Ventana,2021-03,2021-03
878331,Tradicional,Farmacia,2021-04,2022-09
878347,Tradicional,Farmacia,2021-03,2022-11
878365,Kioscos/maxikioscos,Kiosco/maxikiosco,2021-03,2021-03
878675,Tradicional,Almacen,2021-04,2021-04
878907,Kioscos/maxikioscos,Kiosco Ventana,2021-03,2021-03
878909,Kioscos/maxikioscos,Kiosco Ventana,2021-03,2021-03
879233,Tradicional,Almacen,2021-02,2021-02
879347,Tradicional,Almacen Autoservice,2021-03,2021-03
879433,Tradicional,Almacen Autoservice,2021-04,2021-04
880151,Autoservicio,Autoservicio Independiente,2021-06,2021-06
880243,Tradicional,Fiambreria/queseria,2021-04,2021-09
880567,Tradicional,Panaderia / Pasteleria,2021-03,2021-03
881563,Tradicional,Almacen,2021-03,2021-03
882097,Kioscos/maxikioscos,Kiosco Ventana,2021-02,2021-02
882181,Autoservicio,Autoservicio Independiente,2021-05,2021-05
882343,Tradicional,Almacen,2021-03,2021-03
882821,Kioscos/maxikioscos,Kiosco Ventana,2021-06,2021-06
883141,Kioscos/maxikioscos,Kiosco/maxikiosco,2021-03,2021-03
883237,Tradicional,Almacen,2021-02,2021-03
883399,Kioscos/maxikioscos,Kiosco/maxikiosco,2021-03,2021-03
883433,Tradicional,Fiambreria/queseria,2021-09,2021-09
883559,Tradicional,Farmacia,2021-04,2022-05
883561,Kioscos/maxikioscos,Kiosco Ventana,2021-03,2021-03
883641,Autoservicio,Autoservicio Independiente,2021-05,2021-08
883765,Kioscos/maxikioscos,Kiosco Ventana,2021-03,2021-03
884461,Autoservicio,Autoservicio Independiente,2021-05,2021-08
884703,Kioscos/maxikioscos,Kiosco/maxikiosco,2021-03,2021-03
884877,Kioscos/maxikioscos,Kiosco/maxikiosco,2021-03,2021-03
885293,Kioscos/maxikioscos,Kiosco Ventana,2021-03,2021-03
885297,Autoservicio,Autoservicio Independiente,2021-06,2021-07
885299,Autoservicio,Autoservicio Independiente,2021-06,2021-06
885411,Kioscos/maxikioscos,Kiosco/maxikiosco,2021-03,2021-04
885471,Tradicional,Almacen,2021-03,2021-04
885603,Kioscos/maxikioscos,Kiosco/maxikiosco,2021-03,2021-03
885667,Tradicional,Almacen,2021-03,2021-03
885853,Kioscos/maxikioscos,Kiosco Ventana,2021-03,2021-04
885977,Tradicional,Almacen,2021-03,2021-03
886645,Kioscos/maxikioscos,Kiosco Ventana,2021-03,2021-03
886761,Tradicional,Almacen,2021-03,2021-04
886935,Tradicional,Carniceria/polleria,2021-02,2021-02
887553,Tradicional,Carniceria/polleria,2021-02,2021-02
887577,Tradicional,Rotiseria/com P Llevar,2021-04,2021-06
887853,Kioscos/maxikioscos,Kiosco/maxikiosco,2021-09,2021-09
887989,Tradicional,Almacen,2021-03,2021-04
888005,Tradicional,Almacen,2021-04,2021-04
888089,Autoservicio,Autoservicio Independiente,2021-03,2021-03
888217,Kioscos/maxikioscos,Kiosco/maxikiosco,2021-04,2021-04
888235,Kioscos/maxikioscos,Kiosco Ventana,2021-03,2021-03
888299,Tradicional,Almacen,2021-03,2021-03
888621,Kioscos/maxikioscos,Kiosco/maxikiosco,2021-02,2021-02
888739,Kioscos/maxikioscos,Kiosco Ventana,2021-03,2021-03
888743,Kioscos/maxikioscos,Kiosco Ventana,2021-03,2021-03
888873,Kioscos/maxikioscos,Kiosco Ventana,2021-03,2021-03
888899,Tradicional,Almacen,2021-02,2021-03
888977,Kioscos/maxikioscos,Kiosco/maxikiosco,2021-03,2021-03
889001,Tradicional,Almacen,2021-03,2021-03
889039,Tradicional,Tienda De Bebidas,2021-03,2021-04
889055,Kioscos/maxikioscos,Kiosco Ventana,2021-03,2021-03
889425,Tradicional,Rotiseria/com P Llevar,2021-07,2021-08
889523,Kioscos/maxikioscos,Kiosco/maxikiosco,2021-03,2021-03
889569,Kioscos/maxikioscos,Kiosco/maxikiosco,2021-03,2021-03
889673,Kioscos/maxikioscos,Kiosco/maxikiosco,2021-03,2021-03
890061,Kioscos/maxikioscos,Kiosco Ventana,2021-02,2021-02
890305,Kioscos/maxikioscos,Kiosco Ventana,2021-03,2021-03
890315,Tradicional,Almacen,2021-03,2021-03
890355,Tradicional,Almacen,2021-02,2021-03
890375,Kioscos/maxikioscos,Kiosco/maxikiosco,2021-03,2021-03
890499,Kioscos/maxikioscos,Kiosco/maxikiosco,2021-05,2021-05
890501,Kioscos/maxikioscos,Kiosco/maxikiosco,2021-05,2021-05
890503,Kioscos/maxikioscos,Kiosco/maxikiosco,2021-05,2021-05
890567,Tradicional,Almacen,2021-02,2021-02
890663,Tradicional,Fiambreria/queseria,2021-07,2021-07
890705,Tradicional,Almacen,2021-03,2021-03
890713,Kioscos/maxikioscos,Kiosco/maxikiosco,2021-05,2021-05
890717,Kioscos/maxikioscos,Kiosco/maxikiosco,2021-05,2021-05
890721,Kioscos/maxikioscos,Kiosco/maxikiosco,2021-05,2021-05
890775,Tradicional,Almacen,2021-03,2021-03
890789,Kioscos/maxikioscos,Kiosco/maxikiosco,2021-04,2021-04
890929,Kioscos/maxikioscos,Kiosco/maxikiosco,2021-03,2021-03
891305,Tradicional,Almacen,2021-03,2021-03
891317,Kioscos/maxikioscos,Kiosco Ventana,2021-04,2021-04
891323,Tradicional,Almacen,2021-03,2021-04
891371,Kioscos/maxikioscos,Kiosco Ventana,2021-03,2021-03
891389,Kioscos/maxikioscos,Kiosco/maxikiosco,2021-03,2021-03
891477,Tradicional,Almacen,2021-03,2021-04
891891,Kioscos/maxikioscos,Kiosco/maxikiosco,2021-03,2021-03
892119,Kioscos/maxikioscos,Kiosco/maxikiosco,2021-03,2021-03
892313,Tradicional,Carniceria/polleria,2021-03,2021-03
892355,Tradicional,Fiambreria/queseria,2021-04,2021-04
892693,Tradicional,Fiambreria/queseria,2021-04,2021-04
892791,Kioscos/maxikioscos,Kiosco/maxikiosco,2021-04,2021-04
893459,Autoservicio,Autoservicio Independiente,2021-05,2021-05
893647,Kioscos/maxikioscos,Kiosco/maxikiosco,2021-04,2021-04
893717,Kioscos/maxikioscos,Kiosco/maxikiosco,2021-04,2021-04
893873,Autoservicio,Autoservicio Independiente,2021-04,2021-04
894301,Kioscos/maxikioscos,Kiosco Ventana,2021-04,2021-04
894583,Tradicional,Rotiseria/com P Llevar,2021-05,2021-05
894807,Kioscos/maxikioscos,Kiosco/maxikiosco,2021-05,2021-05
895365,Kioscos/maxikioscos,Kiosco/maxikiosco,2021-05,2021-05
895611,Tradicional,Almacen,2021-05,2021-05
895687,Tradicional,Panaderia / Pasteleria,2021-06,2021-10
895721,Tradicional,Almacen,2021-06,2021-06
895887,Autoservicio,Autoservicio Independiente,2021-07,2021-08
895977,Kioscos/maxikioscos,Kiosco/maxikiosco,2021-05,2021-06
896263,Kioscos/maxikioscos,Kiosco Ventana,2021-06,2021-06
896371,Kioscos/maxikioscos,Kiosco/maxikiosco,2021-07,2021-08
896913,Tradicional,Carniceria/polleria,2021-06,2021-08
897029,Kioscos/maxikioscos,Kiosco Ventana,2021-06,2021-07
897031,Kioscos/maxikioscos,Kiosco Ventana,2021-06,2021-06
897067,Autoservicio,Autoservicio Independiente,2021-08,2021-08
897225,Tradicional,Carniceria/polleria,2021-06,2021-06
897353,Tradicional,Farmacia,2021-06,2023-05
897385,Tradicional,Almacen,2021-07,2021-07
897391,Autoservicio,Autoservicio Independiente,2021-06,2021-07
897393,Tradicional,Almacen,2021-07,2021-08
897415,Kioscos/maxikioscos,Kiosco Ventana,2021-06,2021-06
897531,Tradicional,Almacen,2021-06,2021-07
897687,Kioscos/maxikioscos,Kiosco/maxikiosco,2021-06,2021-09
897751,Tradicional,Almacen,2021-07,2021-07
897865,Kioscos/maxikioscos,Kiosco/maxikiosco,2021-08,2021-09
898633,Tradicional,Almacen,2021-07,2021-09
898777,Kioscos/maxikioscos,Kiosco Ventana,2021-07,2021-07
898781,Tradicional,Almacen,2021-07,2021-07
898915,Kioscos/maxikioscos,Kiosco/maxikiosco,2021-07,2021-07
899103,Tradicional,Almacen,2021-07,2021-09
899121,Kioscos/maxikioscos,Kiosco/maxikiosco,2021-07,2021-07
899391,Tradicional,Almacen,2021-08,2021-08
899717,Kioscos/maxikioscos,Kiosco/maxikiosco,2021-08,2021-08
899721,Kioscos/maxikioscos,Kiosco/maxikiosco,2021-08,2021-08
899795,Tradicional,Almacen,2021-08,2021-08
900049,Kioscos/maxikioscos,Kiosco/maxikiosco,2021-08,2021-08
900401,Tradicional,Almacen,2021-08,2021-08
900405,Tradicional,Almacen,2021-08,2021-08
900715,Tradicional,Almacen,2021-08,2021-09
900857,Tradicional,Almacen,2022-12,2022-12
900957,Tradicional,Almacen,2021-10,2021-10
900963,Kioscos/maxikioscos,Kiosco Ventana,2022-01,2022-01
901411,Tradicional,Almacen,2021-11,2021-11
901465,Kioscos/maxikioscos,Kiosco/maxikiosco,2021-09,2021-09
901629,Autoservicio,Autoservicio Independiente,2021-10,2021-10
901631,Tradicional,Almacen,2021-09,2021-09
901643,Tradicional,Almacen,2021-10,2021-10
901667,Kioscos/maxikioscos,Kiosco Ventana,2021-09,2021-09
901779,Kioscos/maxikioscos,Kiosco/maxikiosco,2021-10,2021-10
902199,Kioscos/maxikioscos,Kiosco Ventana,2021-09,2021-09
902205,Tradicional,Almacen,2021-09,2021-09
902587,Tradicional,Almacen,2021-10,2021-10
902677,Autoservicio,Autoservicio Independiente,2021-10,2021-10
902741,Tradicional,Almacen,2021-09,2021-09
902949,Tradicional,Almacen,2021-09,2021-09
902967,Kioscos/maxikioscos,Kiosco Ventana,2021-09,2021-09
903073,Kioscos/maxikioscos,Kiosco/maxikiosco,2021-09,2021-09
903119,Kioscos/maxikioscos,Kiosco Ventana,2021-09,2021-09
903431,Kioscos/maxikioscos,Kiosco Ventana,2021-10,2021-11
903673,Kioscos/maxikioscos,Kiosco/maxikiosco,2022-01,2022-01
903717,Kioscos/maxikioscos,Kiosco/maxikiosco,2021-10,2021-10
904173,Kioscos/maxikioscos,Kiosco Ventana,2021-10,2021-11
904337,Tradicional,Almacen Autoservice,2021-10,2021-10
904355,Kioscos/maxikioscos,Kiosco Ventana,2021-10,2021-10
905177,Tradicional,Almacen,2021-11,2022-01
905511,Tradicional,Carniceria/polleria,2021-11,2022-01
905747,Kioscos/maxikioscos,Kiosco Ventana,2022-01,2022-01
906151,Kioscos/maxikioscos,Kiosco Ventana,2021-11,2021-11
906571,Autoservicio,Autoservicio Independiente,2021-12,2021-12
907379,Kioscos/maxikioscos,Kiosco Ventana,2021-11,2021-11
907595,Kioscos/maxikioscos,Kiosco/maxikiosco,2021-11,2021-11
907669,Tradicional,Carniceria/polleria,2022-04,2022-04
907959,Kioscos/maxikioscos,Kiosco/maxikiosco,2022-01,2022-01
908087,Tradicional,Almacen,2023-05,2023-05
908499,Kioscos/maxikioscos,Kiosco/maxikiosco,2021-12,2021-12
908517,Tradicional,Almacen,2021-12,2021-12
908521,Tradicional,Almacen,2021-12,2021-12
908631,Kioscos/maxikioscos,Kiosco Ventana,2022-04,2022-04
908641,Tradicional,Almacen,2022-01,2022-01
908803,Tradicional,Almacen,2021-12,2021-12
908979,Tradicional,Almacen,2021-12,2022-03
909227,Autoservicio,Autoservicio Independiente,2021-12,2022-10
910205,Tradicional,Almacen,2022-02,2022-03
910209,Kioscos/maxikioscos,Kiosco/maxikiosco,2022-03,2022-05
910655,Tradicional,Almacen,2022-01,2022-05
910787,Kioscos/maxikioscos,Kiosco Ventana,2022-01,2022-05
910805,Tradicional,Almacen,2022-02,2022-02
910935,Tradicional,Almacen,2022-02,2022-03
911115,Kioscos/maxikioscos,Kiosco Ventana,2022-01,2022-01
911141,Tradicional,Almacen,2022-01,2022-01
911167,Autoservicio,Autoservicio Independiente,2022-02,2022-02
911243,Tradicional,Almacen Autoservice,2022-02,2022-05
911285,Tradicional,Almacen,2022-02,2022-02
911513,Kioscos/maxikioscos,Kiosco/maxikiosco,2022-02,2022-02
911707,Tradicional,Almacen,2022-02,2022-04
911779,Kioscos/maxikioscos,Kiosco Ventana,2022-03,2022-03
911823,Autoservicio,Autoservicio Independiente,2022-03,2022-06
911857,Tradicional,Almacen,2022-02,2022-02
911883,Kioscos/maxikioscos,Kiosco/maxikiosco,2022-02,2022-02
911937,Tradicional,Vinoteca,2022-02,2022-05
911965,Kioscos/maxikioscos,Kiosco Ventana,2022-02,2022-02
912205,Tradicional,Otros K+t,2022-02,2022-02
912317,Tradicional,Almacen,2022-02,2022-02
912457,Kioscos/maxikioscos,Kiosco/maxikiosco,2022-04,2022-08
912607,Kioscos/maxikioscos,Kiosco Ventana,2022-02,2022-03
912621,Tradicional,Almacen,2022-02,2022-03
912635,Tradicional,Almacen,2022-02,2022-02
912639,Kioscos/maxikioscos,Kiosco/maxikiosco,2022-02,2022-02
912641,Tradicional,Almacen,2022-03,2022-05
912663,Tradicional,Almacen,2022-03,2022-03
912705,Tradicional,Almacen,2022-03,2022-05
912707,Kioscos/maxikioscos,Kiosco/maxikiosco,2022-03,2022-04
912731,Kioscos/maxikioscos,Kiosco Ventana,2022-03,2022-03
912737,Autoservicio,Autoservicio Independiente,2022-07,2022-12
912745,Tradicional,Almacen,2022-03,2023-02
912783,Tradicional,Almacen,2022-03,2022-03
912899,Kioscos/maxikioscos,Kiosco Ventana,2022-03,2022-05
912941,Tradicional,Almacen,2022-03,2022-03
913109,Tradicional,Vinoteca,2022-03,2022-03
913239,Tradicional,Almacen,2022-03,2022-03
913317,Tradicional,Otros K+t,2022-03,2022-08
913351,Tradicional,Almacen,2022-03,2022-03
913369,Tradicional,Almacen,2022-04,2022-06
913379,Kioscos/maxikioscos,Kiosco Ventana,2022-03,2022-06
913589,Tradicional,Almacen,2022-06,2022-06
913605,Tradicional,Almacen,2022-03,2022-07
913745,Autoservicio,Autoservicio Independiente,2022-04,2022-06
913755,Tradicional,Vinoteca,2022-03,2022-03
913791,Tradicional,Almacen,2022-03,2022-03
913909,Autoservicio,Autoservicio Independiente,2022-04,2022-06
914065,Tradicional,Almacen,2022-04,2022-05
914131,Kioscos/maxikioscos,Kiosco Ventana,2022-04,2022-04
914157,Autoservicio,Autoservicio Independiente,2022-04,2022-04
914183,Autoservicio,Autoservicio Independiente,2022-07,2022-07
914185,Autoservicio,Autoservicio Independiente,2022-05,2022-07
914247,Tradicional,Vinoteca,2022-05,2022-05
914267,Tradicional,Almacen Autoservice,2022-05,2022-05
914447,Tradicional,Almacen,2022-04,2022-04
914451,Tradicional,Almacen,2022-04,2022-04
914699,Kioscos/maxikioscos,Kiosco/maxikiosco,2022-06,2022-06
914701,Tradicional,Vinoteca,2022-08,2022-08
914761,Kioscos/maxikioscos,Kiosco/maxikiosco,2022-04,2022-05
914763,Kioscos/maxikioscos,Kiosco/maxikiosco,2022-04,2022-04
914777,Tradicional,Almacen,2022-04,2022-04
914943,Kioscos/maxikioscos,Kiosco Ventana,2022-04,2022-07
915195,Kioscos/maxikioscos,Kiosco/maxikiosco,2022-04,2022-04
915239,Tradicional,Almacen,2022-05,2022-05
915317,Tradicional,Almacen,2022-04,2022-05
915323,Tradicional,Almacen,2022-05,2022-05
915357,Tradicional,Almacen,2022-04,2022-06
915835,Tradicional,Carniceria/polleria,2022-06,2022-06
915917,Tradicional,Almacen,2022-05,2022-06
916285,Kioscos/maxikioscos,Kiosco Ventana,2022-05,2022-05
916397,Tradicional,Almacen,2022-05,2022-05
916539,Tradicional,Almacen,2022-05,2022-05
916791,Autoservicio,Autoservicio Independiente,2022-05,2022-06
917217,Tradicional,Almacen,2022-06,2022-06
917335,Tradicional,Almacen,2022-06,2022-06
917463,Tradicional,Almacen,2022-06,2022-06
917505,Tradicional,Almacen,2022-06,2022-06
917577,Tradicional,Almacen,2022-06,2022-06
917689,Tradicional,Almacen,2022-06,2022-06
918073,Tradicional,Almacen,2022-06,2022-07
918259,Kioscos/maxikioscos,Kiosco/maxikiosco,2022-07,2022-07
918387,Tradicional,Almacen,2022-07,2022-07
918497,Tradicional,Almacen Autoservice,2022-07,2022-07
918609,Tradicional,Almacen,2022-07,2022-08
919119,Tradicional,Almacen,2022-07,2022-07
919303,Kioscos/maxikioscos,Kiosco Ventana,2022-07,2022-07
919389,Tradicional,Almacen,2022-07,2022-08
919689,Kioscos/maxikioscos,Kiosco Ventana,2022-08,2022-08
919963,Kioscos/maxikioscos,Kiosco/maxikiosco,2023-06,2023-06
919981,Tradicional,Otros K+t,2022-08,2022-08
920261,Tradicional,Almacen,2022-08,2022-08
920363,Tradicional,Almacen Autoservice,2022-08,2022-12
920469,Kioscos/maxikioscos,Kiosco/maxikiosco,2022-08,2022-08
920539,Tradicional,Almacen Autoservice,2022-08,2022-08
921111,Tradicional,Tienda De Bebidas,2022-08,2022-08
921215,Tradicional,Almacen Autoservice,2022-08,2022-08
921275,Tradicional,Almacen,2022-08,2022-08
921291,Tradicional,Almacen,2022-08,2022-09
921365,Tradicional,Almacen,2022-08,2022-08
921443,Kioscos/maxikioscos,Kiosco/maxikiosco,2022-09,2022-09
921613,Kioscos/maxikioscos,Kiosco Ventana,2022-08,2022-08
921841,Tradicional,Almacen,2022-09,2022-09
921933,Kioscos/maxikioscos,Kiosco/maxikiosco,2022-09,2022-09
922069,Tradicional,Almacen,2022-09,2022-09
922221,Kioscos/maxikioscos,Kiosco Ventana,2022-09,2022-09
922635,Tradicional,Almacen,2022-09,2022-10
922945,Kioscos/maxikioscos,Kiosco/maxikiosco,2022-10,2022-11
922995,Tradicional,Almacen,2022-09,2022-09
923257,Tradicional,Almacen,2022-10,2022-11
923529,Autoservicio,Autoservicio Independiente,2022-10,2022-10
924963,Autoservicio,Autoservicio Independiente,2022-11,2022-11
925019,Kioscos/maxikioscos,Kiosco Ventana,2022-11,2022-12
925021,Kioscos/maxikioscos,Kiosco/maxikiosco,2022-11,2022-11
925387,Kioscos/maxikioscos,Kiosco/maxikiosco,2022-11,2022-11
925553,Autoservicio,Autoservicio Independiente,2022-11,2023-01
925677,Tradicional,Almacen Autoservice,2022-11,2022-11
926003,Tradicional,Almacen,2022-12,2022-12
926101,Kioscos/maxikioscos,Kiosco Ventana,2022-11,2022-11
926233,Tradicional,Carniceria/polleria,2023-01,2023-03
926493,Autoservicio,Autoservicio Independiente,2022-12,2022-12
926901,Tradicional,Almacen,2023-03,2023-04
927149,Kioscos/maxikioscos,Kiosco/maxikiosco,2022-12,2023-10
927155,Kioscos/maxikioscos,Kiosco/maxikiosco,2022-12,2023-03
927281,Tradicional,Almacen,2022-12,2023-04
928163,Tradicional,Almacen,2023-03,2023-09
928537,Autoservicio,Autoservicio Independiente,2023-01,2023-01
928731,Kioscos/maxikioscos,Kiosco Ventana,2023-01,2023-01
928983,Tradicional,Tienda De Bebidas,2023-03,2023-03
929033,Tradicional,Almacen,2023-02,2023-02
929083,Tradicional,Almacen Autoservice,2023-02,2023-02
929601,Tradicional,Almacen,2023-02,2023-04
929683,Kioscos/maxikioscos,Kiosco/maxikiosco,2023-02,2023-02
929827,Tradicional,Almacen,2023-02,2023-02
930067,Tradicional,Almacen,2023-03,2023-04
930123,Tradicional,Almacen,2023-03,2023-03
930227,Kioscos/maxikioscos,Kiosco Ventana,2023-05,2023-09
930561,Tradicional,Vinoteca,2023-03,2023-03
930671,Kioscos/maxikioscos,Kiosco/maxikiosco,2023-04,2023-05
930939,Kioscos/maxikioscos,Kiosco Ventana,2023-03,2023-03
930989,Kioscos/maxikioscos,Kiosco Ventana,2023-04,2023-05
931061,Tradicional,Otros K+t,2023-03,2023-03
931091,Kioscos/maxikioscos,Kiosco/maxikiosco,2023-04,2023-04
931347,Tradicional,Almacen,2023-04,2023-05
931457,Tradicional,Fiambreria/queseria,2023-04,2023-04
931481,Kioscos/maxikioscos,Kiosco/maxikiosco,2023-04,2023-06
931619,Kioscos/maxikioscos,Kiosco/maxikiosco,2023-04,2023-05
931659,Kioscos/maxikioscos,Kiosco Ventana,2023-04,2023-04
931963,Tradicional,Tienda De Bebidas,2023-04,2023-06
932157,Kioscos/maxikioscos,Kiosco Ventana,2023-04,2023-04
932161,Kioscos/maxikioscos,Kiosco Ventana,2023-04,2023-05
932531,Kioscos/maxikioscos,Kiosco Ventana,2023-07,2023-08
932783,Kioscos/maxikioscos,Kiosco/maxikiosco,2023-05,2023-05
933153,Tradicional,Almacen Autoservice,2023-05,2023-05
933585,Kioscos/maxikioscos,Kiosco Ventana,2023-05,2023-06
933589,Autoservicio,Autoservicio Independiente,2023-06,2023-06
933685,Autoservicio,Autoservicio Independiente,2023-06,2023-06
933687,Kioscos/maxikioscos,Kiosco/maxikiosco,2023-06,2023-07
933727,Kioscos/maxikioscos,Kiosco/maxikiosco,2023-11,2023-11
933853,Kioscos/maxikioscos,Kiosco/maxikiosco,2023-06,2023-06
933967,Kioscos/maxikioscos,Kiosco Ventana,2023-06,2023-06
934057,Tradicional,Verduleria,2023-06,2023-06
934129,Kioscos/maxikioscos,Kiosco Ventana,2023-11,2023-11
934237,Kioscos/maxikioscos,Kiosco Ventana,2023-06,2023-10
934419,Kioscos/maxikioscos,Kiosco/maxikiosco,2023-06,2023-06
934457,Kioscos/maxikioscos,Kiosco/maxikiosco,2023-06,2023-06
934459,Kioscos/maxikioscos,Kiosco/maxikiosco,2023-06,2023-06
934523,Kioscos/maxikioscos,Kiosco/maxikiosco,2023-07,2023-11
934623,Tradicional,Almacen,2023-06,2023-06
934721,Autoservicio,Autoservicio Independiente,2023-07,2023-07
934757,Tradicional,Almacen,2023-07,2023-08
934855,Tradicional,Almacen,2023-08,2023-08
934965,Tradicional,Almacen Autoservice,2023-07,2023-07
935041,Tradicional,Almacen,2023-07,2023-07
935247,Kioscos/maxikioscos,Kiosco/maxikiosco,2023-07,2023-08
935253,Kioscos/maxikioscos,Kiosco/maxikiosco,2023-10,2023-11
935483,Tradicional,Carniceria/polleria,2023-07,2023-07
935527,Autoservicio,Autoservicio Independiente,2023-07,2023-07
935623,Autoservicio,Autoservicio Independiente,2023-07,2023-09
935693,Autoservicio,Autoservicio Independiente,2023-08,2023-10
935959,Tradicional,Almacen,2023-10,2023-10
935961,Tradicional,Almacen,2023-08,2023-08
936065,Kioscos/maxikioscos,Kiosco/maxikiosco,2023-11,2023-11
936069,Tradicional,Almacen,2023-08,2023-08
936131,Kioscos/maxikioscos,Kiosco/maxikiosco,2023-08,2023-08
936141,Tradicional,Almacen,2023-08,2023-08
936199,Kioscos/maxikioscos,Kiosco/maxikiosco,2023-08,2023-09
936241,Tradicional,Tienda De Bebidas,2023-08,2023-08
936269,Autoservicio,Autoservicio Independiente,2023-08,2023-08
936293,Tradicional,Tienda De Bebidas,2023-08,2023-08
936531,Kioscos/maxikioscos,Kiosco/maxikiosco,2023-09,2023-09
936721,Tradicional,Almacen,2023-08,2023-08
936837,Tradicional,Dietetica,2023-08,2023-08
936949,Tradicional,Vinoteca,2023-09,2023-12
936989,Tradicional,Almacen,2023-11,2023-11
937029,Kioscos/maxikioscos,Kiosco/maxikiosco,2023-11,2023-11
937071,Tradicional,Almacen,2023-09,2023-09
937073,Autoservicio,Autoservicio Independiente,2023-09,2023-09
937213,Kioscos/maxikioscos,Kiosco/maxikiosco,2023-09,2023-09
937215,Kioscos/maxikioscos,Kiosco/maxikiosco,2023-09,2023-10
937251,Tradicional,Panaderia / Pasteleria,2023-09,2023-09
937359,Tradicional,Almacen,2023-09,2023-09
937537,Kioscos/maxikioscos,Kiosco/maxikiosco,2023-09,2023-11
937541,Kioscos/maxikioscos,Kiosco/maxikiosco,2023-09,2023-09
937567,Tradicional,Almacen,2023-09,2023-11
937591,Kioscos/maxikioscos,Kiosco/maxikiosco,2023-09,2023-09
937653,Tradicional,Almacen,2023-09,2023-10
937697,Kioscos/maxikioscos,Kiosco/maxikiosco,2023-09,2023-12
938003,Kioscos/maxikioscos,Kiosco/maxikiosco,2023-09,2023-09
938185,Tradicional,Almacen,2023-09,2023-09
938805,Autoservicio,Autoservicio Independiente,2023-10,2023-10
938899,Tradicional,Almacen Autoservice,2023-10,2023-10
939021,Tradicional,Almacen,2023-10,2023-10
939177,Kioscos/maxikioscos,Kiosco/maxikiosco,2023-10,2023-10
939181,Tradicional,Otros K+t,2023-10,2023-10
939309,Tradicional,Almacen,2023-10,2023-10
939395,Kioscos/maxikioscos,Kiosco/maxikiosco,2023-10,2023-11
939485,Tradicional,Otros K+t,2023-10,2023-11
939657,Tradicional,Almacen,2023-10,2023-11
939923,Tradicional,Carniceria/polleria,2023-11,2023-11
939967,Tradicional,Rotiseria/com P Llevar,2023-11,2023-11
940051,Kioscos/maxikioscos,Kiosco/maxikiosco,2023-11,2023-11
940217,Tradicional,Almacen,2023-11,2023-11
940221,Tradicional,Almacen,2023-11,2023-11
940345,Kioscos/maxikioscos,Kiosco/maxikiosco,2023-12,2023-12
940431,Tradicional,Almacen,2023-11,2023-11
940485,Tradicional,Carniceria/polleria,2023-11,2023-11
940661,Tradicional,Almacen,2023-11,2023-11
940793,Kioscos/maxikioscos,Kiosco/maxikiosco,2023-11,2023-11
941001,Tradicional,Almacen,2023-12,2023-12
941085,Tradicional,Almacen,2023-12,2023-12
941233,Tradicional,Almacen,2023-12,2023-12
941413,Kioscos/maxikioscos,Kiosco/maxikiosco,2023-12,2023-12
1364199,Tradicional,Rotiseria/com P Llevar,2021-03,2021-04
1364321,Kioscos/maxikioscos,Kiosco Ventana,2021-03,2021-03
1364333,Tradicional,Almacen,2021-03,2021-03
1364413,Tradicional,Fiambreria/queseria,2021-03,2021-03
1364905,Autoservicio,Autoservicio Independiente,2021-04,2021-04
1365059,Tradicional,Almacen,2021-03,2021-04
1365071,Tradicional,Almacen,2021-02,2021-04
1365103,Tradicional,Almacen,2021-02,2021-03
1365283,Tradicional,Almacen,2021-03,2021-03
1365311,Kioscos/maxikioscos,Kiosco Ventana,2021-07,2021-09
1365331,Tradicional,Almacen,2021-03,2021-03
1365361,Autoservicio,Autoservicio Independiente,2021-04,2021-04
1365535,Tradicional,Carniceria/polleria,2021-04,2021-04
1365553,Tradicional,Almacen,2021-03,2021-03
1365571,Tradicional,Almacen,2021-03,2021-04
1365581,Tradicional,Almacen,2021-04,2021-04
1365607,Tradicional,Almacen,2021-03,2021-03
1365699,Tradicional,Almacen,2020-04,2021-04
1365821,Tradicional,Almacen,2021-03,2021-03
1365929,Tradicional,Almacen,2021-04,2021-04
1366093,Tradicional,Almacen,2021-02,2021-02
1366297,Tradicional,Almacen,2021-03,2021-03
1366301,Tradicional,Almacen,2021-03,2021-03
1366419,Tradicional,Almacen,2021-03,2021-03
1366575,Tradicional,Rotiseria/com P Llevar,2020-04,2023-03
1366859,Kioscos/maxikioscos,Kiosco Ventana,2021-03,2021-03
1366895,Kioscos/maxikioscos,Kiosco Ventana,2021-03,2021-03
1367103,Kioscos/maxikioscos,Kiosco/maxikiosco,2021-04,2021-04
1367105,Tradicional,Almacen,2021-04,2021-04
1367109,Tradicional,Almacen,2021-03,2021-05
1367149,Tradicional,Almacen,2019-10,2021-03
1367395,Tradicional,Almacen,2019-01,2021-02
1367463,Tradicional,Almacen,2021-03,2021-03
1367525,Kioscos/maxikioscos,Kiosco Ventana,2021-04,2021-04
1367693,Tradicional,Almacen,2021-03,2021-03
1367791,Kioscos/maxikioscos,Kiosco Ventana,2021-03,2021-03
1368103,Tradicional,Almacen,2021-04,2021-04
1368191,Tradicional,Almacen,2021-04,2021-06
1368269,Tradicional,Panaderia / Pasteleria,2021-05,2021-05
1368307,Tradicional,Almacen,2021-03,2021-03
1368965,Tradicional,Almacen,2021-03,2021-03
1369307,Tradicional,Almacen,2021-03,2021-03
1369401,Tradicional,Almacen,2021-03,2021-04
1369437,Kioscos/maxikioscos,Kiosco Ventana,2021-03,2021-03
1369529,Tradicional,Almacen,2021-03,2021-03
1369549,Tradicional,Almacen,2021-03,2021-03
1369555,Kioscos/maxikioscos,Kiosco/maxikiosco,2021-03,2021-03
1369639,Kioscos/maxikioscos,Kiosco Ventana,2021-03,2021-03
1369669,Tradicional,Almacen,2019-12,2021-03
1369723,Tradicional,Almacen,2021-03,2021-03
1369733,Tradicional,Almacen,2021-04,2021-04
1369813,Tradicional,Almacen,2021-03,2021-03
1369825,Autoservicio,Autoservicio Independiente,2021-03,2021-03
1369901,Tradicional,Vinoteca,2021-03,2021-03
1370093,Kioscos/maxikioscos,Kiosco Ventana,2021-03,2021-03
1370291,Tradicional,Carniceria/polleria,2021-04,2021-04
1370679,Kioscos/maxikioscos,Kiosco Ventana,2021-03,2021-04
1370683,Tradicional,Almacen,2021-03,2021-03
1370789,Tradicional,Almacen,2021-04,2021-04
1370879,Kioscos/maxikioscos,Kiosco Ventana,2021-08,2021-08
1371053,Tradicional,Almacen,2021-03,2021-03
1371253,Tradicional,Almacen,2021-03,2021-03
1371295,Tradicional,Almacen,2021-10,2021-10
1371321,Kioscos/maxikioscos,Kiosco Ventana,2021-03,2021-03
1371365,Tradicional,Almacen,2021-03,2021-03
1371379,Kioscos/maxikioscos,Kiosco Ventana,2021-03,2021-03
1371497,Kioscos/maxikioscos,Kiosco/maxikiosco,2021-03,2021-03
1371505,Tradicional,Carniceria/polleria,2021-04,2021-04
1371721,Tradicional,Almacen,2021-04,2021-04
1371747,Kioscos/maxikioscos,Kiosco/maxikiosco,2021-04,2021-04
1371907,Tradicional,Almacen,2021-04,2021-04
1372323,Tradicional,Almacen,2021-04,2021-04
1372351,Kioscos/maxikioscos,Kiosco/maxikiosco,2021-03,2021-04
1372531,Kioscos/maxikioscos,Kiosco/maxikiosco,2021-03,2021-03
1373215,Kioscos/maxikioscos,Kiosco/maxikiosco,2021-03,2021-03
1373371,Tradicional,Almacen,2021-03,2021-03
1373717,Kioscos/maxikioscos,Kiosco Ventana,2020-04,2021-06
1374167,Kioscos/maxikioscos,Kiosco/maxikiosco,2021-03,2021-03
1374591,Tradicional,Almacen,2021-03,2021-04
1374623,Tradicional,Almacen,2021-04,2021-04
1374795,Tradicional,Almacen,2021-03,2021-03
1375039,Tradicional,Almacen,2021-03,2021-03
1375453,Tradicional,Almacen,2021-03,2021-03
1375485,Tradicional,Almacen,2021-03,2021-03
1375561,Tradicional,Almacen,2021-03,2021-03
1375669,Tradicional,Almacen,2021-05,2021-05
1375927,Kioscos/maxikioscos,Kiosco/maxikiosco,2023-09,2023-09
1376219,Tradicional,Panaderia / Pasteleria,2023-06,2023-06
1376683,Tradicional,Carniceria/polleria,2021-03,2021-03
1376931,Tradicional,Almacen,2021-04,2021-04
1377235,Kioscos/maxikioscos,Kiosco Ventana,2021-07,2021-09
1377291,Kioscos/maxikioscos,Kiosco Ventana,2020-06,2020-06
1377361,Tradicional,Almacen,2021-03,2021-04
1377663,Tradicional,Carniceria/polleria,2021-03,2021-03
1377693,Tradicional,Almacen,2021-03,2021-03
1379821,Tradicional,Almacen,2021-04,2021-04
1380009,Tradicional,Almacen,2021-02,2021-03
1380057,Kioscos/maxikioscos,Kiosco/maxikiosco,2021-04,2021-04
1380235,Kioscos/maxikioscos,Kiosco Ventana,2021-04,2021-04
1380365,Kioscos/maxikioscos,Kiosco Ventana,2021-03,2021-03
1380813,Tradicional,Almacen,2021-04,2021-04
1380823,Tradicional,Almacen,2021-04,2021-04
1380827,Tradicional,Almacen,2021-03,2021-03
1380971,Tradicional,Almacen,2021-03,2021-03
1381089,Tradicional,Almacen Autoservice,2021-03,2021-03
1381851,Tradicional,Almacen,2021-03,2021-03
1381959,Tradicional,Almacen,2021-04,2021-04
1382699,Tradicional,Almacen,2021-03,2021-03
1382893,Tradicional,Almacen,2021-03,2021-03
1382925,Kioscos/maxikioscos,Kiosco Ventana,2021-03,2021-03
1383053,Tradicional,Almacen,2021-04,2021-04
1383271,Tradicional,Almacen,2021-04,2021-04
1383355,Tradicional,Almacen,2021-07,2021-07
1383431,Kioscos/maxikioscos,Kiosco Ventana,2022-09,2022-09
1383525,Tradicional,Almacen,2021-03,2021-03
1383573,Tradicional,Almacen,2021-04,2021-09
1383761,Tradicional,Almacen,2021-03,2021-03
1392101,Tradicional,Almacen,2021-03,2021-04
